giorno;mm_totale_positivi;mm_deceduti;mm_guariti;mm_totale_casi
"2020-02-24";"221";"7";"1";"221"
"2020-02-25";"156";"5";"1";"157"
"2020-02-26";"128";"4";"1";"131"
"2020-02-27";"147";"4";"11";"161"
"2020-02-28";"164";"4";"9";"176"
"2020-02-29";"175";"5";"8";"187"
"2020-03-01";"225";"5";"12";"241"
"2020-03-02";"231";"6";"21";"258"
"2020-03-03";"279";"10";"23";"311"
"2020-03-04";"332";"14";"39";"384"
"2020-03-05";"387";"19";"53";"458"
"2020-03-06";"442";"25";"68";"535"
"2020-03-07";"573";"29";"77";"679"
"2020-03-08";"687";"47";"77";"812"
"2020-03-09";"879";"59";"82";"1019"
"2020-03-10";"893";"79";"121";"1092"
"2020-03-11";"1126";"103";"110";"1339"
"2020-03-12";"1363";"124";"121";"1608"
"2020-03-13";"1577";"153";"131";"1861"
"2020-03-14";"1813";"173";"197";"2182"
"2020-03-15";"2031";"206";"245";"2482"
"2020-03-16";"2155";"242";"289";"2687"
"2020-03-17";"2507";"267";"277";"3051"
"2020-03-18";"2589";"307";"426";"3322"
"2020-03-19";"2907";"341";"455";"3703"
"2020-03-20";"3272";"395";"527";"4194"
"2020-03-21";"3562";"483";"587";"4632"
"2020-03-22";"3719";"524";"670";"4913"
"2020-03-23";"3906";"560";"669";"5135"
"2020-03-24";"3995";"617";"769";"5381"
"2020-03-25";"4116";"646";"762";"5525"
"2020-03-26";"4118";"680";"846";"5643"
"2020-03-27";"4079";"729";"832";"5640"
"2020-03-28";"3912";"743";"902";"5556"
"2020-03-29";"3892";"758";"858";"5507"
"2020-03-30";"3587";"788";"1027";"5402"
"2020-03-31";"3372";"801";"1058";"5231"
"2020-04-01";"3293";"807";"1069";"5170"
"2020-04-02";"3005";"821";"1131";"4958"
"2020-04-03";"2711";"792";"1258";"4761"
"2020-04-04";"2601";"763";"1230";"4594"
"2020-04-05";"2481";"730";"1255";"4466"
"2020-04-06";"2523";"705";"1174";"4401"
"2020-04-07";"2347";"671";"1238";"4256"
"2020-04-08";"2099";"645";"1378";"4121"
"2020-04-09";"1975";"623";"1456";"4055"
"2020-04-10";"1841";"595";"1528";"3964"
"2020-04-11";"1714";"587";"1648";"3948"
"2020-04-12";"1572";"573";"1771";"3916"
"2020-04-13";"1490";"563";"1800";"3853"
"2020-04-14";"1461";"563";"1820";"3843"
"2020-04-15";"1451";"568";"1657";"3676"
"2020-04-16";"1390";"556";"1671";"3616"
"2020-04-17";"1241";"557";"1753";"3551"
"2020-04-18";"1072";"537";"1770";"3379"
"2020-04-19";"858";"537";"1835";"3230"
"2020-04-20";"660";"521";"1920";"3102"
"2020-04-21";"488";"512";"2067";"3067"
"2020-04-22";"326";"491";"2350";"3167"
"2020-04-23";"34";"483";"2487";"3005"
"2020-04-24";"-62";"461";"2539";"2937"
"2020-04-25";"-275";"451";"2599";"2775"
"2020-04-26";"-308";"426";"2553";"2672"
"2020-04-27";"-346";"409";"2535";"2598"
"2020-04-28";"-358";"387";"2477";"2507"
"2020-04-29";"-435";"371";"2387";"2323"
"2020-04-30";"-757";"345";"2624";"2213"
"2020-05-01";"-798";"324";"2536";"2062"
"2020-05-02";"-735";"332";"2399";"1997"
"2020-05-03";"-846";"320";"2389";"1863"
"2020-05-04";"-833";"300";"2322";"1789"
"2020-05-05";"-963";"279";"2327";"1644"
"2020-05-06";"-1876";"286";"3142";"1552"
"2020-05-07";"-1704";"284";"2904";"1485"
"2020-05-08";"-1855";"281";"2968";"1394"
"2020-05-09";"-2266";"241";"3302";"1277"
"2020-05-10";"-2408";"239";"3362";"1193"
"2020-05-11";"-2499";"237";"3387";"1125"
"2020-05-12";"-2457";"228";"3401";"1172"
"2020-05-13";"-1867";"203";"2757";"1092"
"2020-05-14";"-1883";"201";"2716";"1034"
"2020-05-15";"-2270";"201";"3026";"957"
"2020-05-16";"-2094";"195";"2826";"927"
"2020-05-17";"-2139";"193";"2856";"909"
"2020-05-18";"-2276";"181";"2963";"867"
"2020-05-19";"-2305";"180";"2909";"783"
"2020-05-20";"-2244";"175";"2820";"751"
"2020-05-21";"-2211";"160";"2753";"701"
"2020-05-22";"-1821";"144";"2359";"682"
"2020-05-23";"-1776";"139";"2290";"652"
"2020-05-24";"-1680";"125";"2186";"632"
"2020-05-25";"-1608";"124";"2094";"610"
"2020-05-26";"-1741";"112";"2180";"551"
"2020-05-27";"-1684";"106";"2117";"539"
"2020-05-28";"-1853";"94";"2292";"532"
"2020-05-29";"-1878";"88";"2303";"513"
"2020-05-30";"-2009";"86";"2399";"477"
"2020-05-31";"-2071";"90";"2433";"452"
"2020-06-01";"-1990";"85";"2339";"434"
"2020-06-02";"-1864";"82";"2205";"423"
"2020-06-03";"-1667";"76";"1977";"385"
"2020-06-04";"-1365";"78";"1613";"326"
"2020-06-05";"-1314";"78";"1562";"326"
"2020-06-06";"-1116";"72";"1349";"305"
"2020-06-07";"-976";"69";"1190";"283"
"2020-06-08";"-948";"70";"1176";"297"
"2020-06-09";"-1003";"73";"1222";"292"
"2020-06-10";"-1084";"73";"1286";"275"
"2020-06-11";"-1113";"68";"1349";"304"
"2020-06-12";"-1140";"64";"1329";"253"
"2020-06-13";"-1199";"65";"1398";"264"
"2020-06-14";"-1284";"64";"1505";"284"
"2020-06-15";"-1260";"58";"1489";"288"
"2020-06-16";"-1186";"52";"1411";"277"
"2020-06-17";"-1112";"48";"1359";"295"
"2020-06-18";"-1077";"50";"1315";"289"
"2020-06-19";"-1065";"48";"1260";"301"
"2020-06-20";"-896";"44";"1084";"289"
"2020-06-21";"-757";"41";"932";"273"
"2020-06-22";"-753";"41";"917";"261"
"2020-06-23";"-714";"39";"866";"248"
"2020-06-24";"-753";"28";"951";"229"
"2020-06-25";"-685";"23";"883";"223"
"2020-06-26";"-558";"21";"815";"224"
"2020-06-27";"-625";"15";"876";"212"
"2020-06-28";"-613";"15";"857";"205"
"2020-06-29";"-592";"12";"824";"192"
"2020-06-30";"-573";"13";"809";"195"
"2020-07-01";"-486";"21";"658";"194"
"2020-07-02";"-463";"20";"623";"181"
"2020-07-03";"-393";"18";"550";"175"
"2020-07-04";"-316";"20";"480";"184"
"2020-07-05";"-291";"18";"460";"187"
"2020-07-06";"-255";"18";"435";"198"
"2020-07-07";"-189";"19";"367";"198"
"2020-07-08";"-237";"18";"418";"199"
"2020-07-09";"-229";"15";"414";"203"
"2020-07-10";"-208";"15";"401";"210"
"2020-07-11";"-188";"13";"376";"203"
"2020-07-12";"-209";"13";"403";"209"
"2020-07-13";"-222";"14";"409";"204"
"2020-07-14";"-189";"12";"375";"200"
"2020-07-15";"-157";"12";"339";"196"
"2020-07-16";"-141";"13";"324";"196"
"2020-07-17";"-139";"13";"316";"190"
"2020-07-18";"-134";"14";"318";"199"
"2020-07-19";"-106";"13";"289";"197"
"2020-07-20";"-108";"13";"294";"200"
"2020-07-21";"-96";"13";"284";"202"
"2020-07-22";"-24";"12";"230";"219"
"2020-07-23";"-10";"11";"228";"230"
"2020-07-24";"-22";"10";"244";"232"
"2020-07-25";"11";"9";"216";"236"
"2020-07-26";"18";"9";"214";"241"
"2020-07-27";"25";"8";"204";"238"
"2020-07-28";"52";"7";"189";"250"
"2020-07-29";"42";"7";"200";"251"
"2020-07-30";"-25";"6";"279";"263"
"2020-07-31";"17";"6";"255";"281"
"2020-08-01";"2";"6";"273";"284"
"2020-08-02";"-16";"7";"288";"281"
"2020-08-03";"-15";"8";"285";"280"
"2020-08-04";"-18";"7";"287";"277"
"2020-08-05";"4";"7";"278";"290"
"2020-08-06";"66";"8";"218";"293"
"2020-08-07";"72";"7";"238";"317"
"2020-08-08";"71";"8";"245";"325"
"2020-08-09";"115";"7";"234";"357"
"2020-08-10";"128";"6";"237";"371"
"2020-08-11";"154";"6";"242";"403"
"2020-08-12";"164";"6";"246";"417"
"2020-08-13";"198";"6";"229";"434"
"2020-08-14";"189";"6";"241";"437"
"2020-08-15";"208";"27";"242";"477"
"2020-08-16";"210";"27";"241";"480"
"2020-08-17";"214";"27";"246";"488"
"2020-08-18";"218";"27";"240";"487"
"2020-08-19";"224";"27";"258";"510"
"2020-08-20";"276";"27";"252";"556"
"2020-08-21";"347";"28";"233";"609"
"2020-08-22";"442";"5";"223";"672"
"2020-08-23";"529";"6";"241";"777"
"2020-08-24";"618";"6";"242";"867"
"2020-08-25";"661";"6";"268";"935"
"2020-08-26";"770";"7";"260";"1039"
"2020-08-27";"845";"6";"267";"1120"
"2020-08-28";"908";"6";"277";"1193"
"2020-08-29";"950";"6";"289";"1246"
"2020-08-30";"967";"6";"295";"1269"
"2020-08-31";"983";"6";"284";"1275"
"2020-09-01";"1006";"7";"276";"1289"
"2020-09-02";"1009";"6";"267";"1283"
"2020-09-03";"998";"6";"277";"1281"
"2020-09-04";"1009";"7";"304";"1320"
"2020-09-05";"1005";"9";"341";"1356"
"2020-09-06";"982";"9";"354";"1346"
"2020-09-07";"988";"10";"369";"1362"
"2020-09-08";"1005";"10";"408";"1418"
"2020-09-09";"988";"11";"439";"1433"
"2020-09-10";"970";"11";"485";"1462"
"2020-09-11";"953";"11";"486";"1445"
"2020-09-12";"901";"10";"512";"1418"
"2020-09-13";"919";"10";"517";"1441"
"2020-09-14";"885";"10";"530";"1426"
"2020-09-15";"846";"10";"549";"1406"
"2020-09-16";"828";"10";"570";"1409"
"2020-09-17";"815";"10";"581";"1407"
"2020-09-18";"813";"10";"625";"1449"
"2020-09-19";"808";"13";"646";"1468"
"2020-09-20";"798";"14";"674";"1487"
"2020-09-21";"842";"14";"679";"1535"
"2020-09-22";"825";"15";"718";"1559"
"2020-09-23";"797";"16";"771";"1586"
"2020-09-24";"767";"18";"830";"1614"
"2020-09-25";"752";"19";"844";"1615"
"2020-09-26";"776";"18";"854";"1648"
"2020-09-27";"789";"18";"867";"1674"
"2020-09-28";"749";"18";"927";"1694"
"2020-09-29";"734";"20";"977";"1731"
"2020-09-30";"736";"19";"1006";"1761"
"2020-10-01";"838";"20";"1012";"1870"
"2020-10-02";"897";"20";"1036";"1954"
"2020-10-03";"996";"21";"1075";"2093"
"2020-10-04";"1116";"22";"1071";"2209"
"2020-10-05";"1226";"22";"1070";"2318"
"2020-10-06";"1358";"22";"1085";"2465"
"2020-10-07";"1616";"24";"1086";"2726"
"2020-10-08";"1901";"24";"1074";"2999"
"2020-10-09";"2302";"24";"1083";"3409"
"2020-10-10";"2752";"25";"1044";"3821"
"2020-10-11";"3092";"26";"1114";"4232"
"2020-10-12";"3409";"29";"1131";"4569"
"2020-10-13";"3866";"31";"1133";"5030"
"2020-10-14";"4267";"33";"1252";"5552"
"2020-10-15";"4759";"41";"1372";"6173"
"2020-10-16";"5315";"45";"1475";"6835"
"2020-10-17";"6015";"48";"1515";"7578"
"2020-10-18";"6737";"54";"1679";"8471"
"2020-10-19";"7320";"59";"1766";"9145"
"2020-10-20";"7935";"66";"1854";"9855"
"2020-10-21";"9000";"78";"1901";"10979"
"2020-10-22";"10005";"85";"1927";"12019"
"2020-10-23";"11241";"90";"1991";"13323"
"2020-10-24";"12321";"105";"2141";"14569"
"2020-10-25";"13715";"114";"2106";"15936"
"2020-10-26";"14669";"123";"2238";"17032"
"2020-10-27";"16050";"142";"2426";"18621"
"2020-10-28";"17288";"153";"2576";"20019"
"2020-10-29";"18556";"165";"2832";"21555"
"2020-10-30";"19969";"180";"3108";"23261"
"2020-10-31";"21172";"201";"3616";"24992"
"2020-11-01";"22270";"213";"3740";"26225"
"2020-11-02";"22833";"226";"3913";"26974"
"2020-11-03";"23293";"245";"4327";"27867"
"2020-11-04";"23825";"263";"4568";"28661"
"2020-11-05";"24737";"296";"4722";"29757"
"2020-11-06";"24762";"331";"5623";"30718"
"2020-11-07";"25879";"349";"5638";"31868"
"2020-11-08";"25787";"367";"6099";"32255"
"2020-11-09";"25260";"384";"7039";"32687"
"2020-11-10";"24567";"417";"8678";"33666"
"2020-11-11";"24303";"458";"9248";"34010"
"2020-11-12";"23244";"485";"10774";"34506"
"2020-11-13";"23544";"500";"10902";"34948"
"2020-11-14";"22271";"517";"11792";"34583"
"2020-11-15";"21979";"548";"12248";"34778"
"2020-11-16";"20636";"569";"13868";"35075"
"2020-11-17";"20529";"591";"13539";"34660"
"2020-11-18";"18544";"609";"15693";"34849"
"2020-11-19";"18088";"612";"15890";"34591"
"2020-11-20";"16179";"633";"17255";"34068"
"2020-11-21";"14759";"654";"18299";"33713"
"2020-11-22";"13351";"656";"18898";"32907"
"2020-11-23";"11295";"674";"20304";"32275"
"2020-11-24";"9225";"692";"21076";"30995"
"2020-11-25";"6933";"687";"22169";"29791"
"2020-11-26";"4882";"711";"23170";"28766"
"2020-11-27";"1531";"730";"25232";"27496"
"2020-11-28";"-348";"729";"25905";"26290"
"2020-11-29";"-1454";"726";"25915";"25192"
"2020-11-30";"-1197";"732";"24716";"24255"
"2020-12-01";"-2634";"722";"25609";"23701"
"2020-12-02";"-4352";"717";"26598";"22966"
"2020-12-03";"-5123";"741";"26518";"22141"
"2020-12-04";"-4313";"739";"25105";"21533"
"2020-12-05";"-5020";"736";"25064";"20780"
"2020-12-06";"-5781";"739";"25570";"20528"
"2020-12-07";"-5665";"719";"25089";"20149"
"2020-12-08";"-6060";"697";"24862";"19505"
"2020-12-09";"-7245";"671";"24937";"18369"
"2020-12-10";"-9065";"655";"25884";"17479"
"2020-12-11";"-9626";"648";"25683";"16712"
"2020-12-12";"-9903";"646";"25798";"16548"
"2020-12-13";"-9896";"635";"25667";"16412"
"2020-12-14";"-10530";"629";"26069";"16171"
"2020-12-15";"-10602";"660";"26111";"16171"
"2020-12-16";"-9258";"685";"25429";"16859"
"2020-12-17";"-8741";"656";"25117";"17036"
"2020-12-18";"-8932";"644";"24846";"16931"
"2020-12-19";"-9240";"630";"24654";"16417"
"2020-12-20";"-9039";"611";"24066";"16012"
"2020-12-21";"-8790";"600";"23663";"15847"
"2020-12-22";"-8194";"569";"22881";"15629"
"2020-12-23";"-6699";"551";"20881";"15193"
"2020-12-24";"-5959";"526";"20139";"15165"
"2020-12-25";"-6845";"495";"21575";"15314"
"2020-12-26";"-5603";"454";"19535";"14475"
"2020-12-27";"-5857";"447";"18912";"13590"
"2020-12-28";"-5480";"451";"18204";"13264"
"2020-12-29";"-5318";"455";"17737";"12965"
"2020-12-30";"-4917";"458";"17660";"13205"
"2020-12-31";"-3391";"466";"16904";"13981"
"2021-01-01";"-731";"466";"14697";"14435"
"2021-01-02";"-554";"480";"14706";"14635"
"2021-01-03";"-792";"487";"15698";"15396"
"2021-01-04";"-680";"473";"15917";"15713"
"2021-01-05";"62";"471";"15771";"16306"
"2021-01-06";"617";"468";"15809";"16896"
"2021-01-07";"166";"447";"15558";"16117"
"2021-01-08";"-625";"470";"15657";"15448"
"2021-01-09";"-603";"487";"16782";"16612"
"2021-01-10";"531";"489";"16272";"17238"
"2021-01-11";"789";"503";"16248";"17486"
"2021-01-12";"126";"499";"16754";"17323"
"2021-01-13";"-563";"493";"16797";"16672"
"2021-01-14";"-1382";"508";"17434";"16562"
"2021-01-15";"-1760";"488";"17634";"16364"
"2021-01-16";"-2161";"487";"17512";"15840"
"2021-01-17";"-3794";"489";"18275";"14971"
"2021-01-18";"-4131";"479";"18093";"14441"
"2021-01-19";"-4931";"477";"18359";"13906"
"2021-01-20";"-5889";"479";"18999";"13591"
"2021-01-21";"-6402";"479";"19057";"13139"
"2021-01-22";"-8002";"478";"20300";"12780"
"2021-01-23";"-8412";"480";"20282";"12354"
"2021-01-24";"-7728";"469";"19478";"12223"
"2021-01-25";"-7918";"475";"19625";"12186"
"2021-01-26";"-7587";"466";"19314";"12200"
"2021-01-27";"-6512";"458";"18480";"12433"
"2021-01-28";"-5993";"454";"18008";"12475"
"2021-01-29";"-4890";"455";"16894";"12466"
"2021-01-30";"-5069";"445";"16995";"12378"
"2021-01-31";"-6473";"436";"18353";"12325"
"2021-02-01";"-6292";"423";"18095";"12234"
"2021-02-02";"-6379";"417";"18055";"12100"
"2021-02-03";"-6178";"419";"17566";"11812"
"2021-02-04";"-6334";"409";"17631";"11711"
"2021-02-05";"-5529";"394";"16934";"11803"
"2021-02-06";"-5188";"389";"16701";"11906"
"2021-02-07";"-3849";"394";"15413";"11962"
"2021-02-08";"-3998";"391";"15571";"11968"
"2021-02-09";"-3400";"380";"15121";"12107"
"2021-02-10";"-3516";"360";"15224";"12074"
"2021-02-11";"-3608";"355";"15532";"12286"
"2021-02-12";"-3849";"347";"15736";"12242"
"2021-02-13";"-3660";"336";"15570";"12255"
"2021-02-14";"-3463";"329";"15297";"12173"
"2021-02-15";"-3072";"322";"14824";"12084"
"2021-02-16";"-2897";"310";"14626";"12050"
"2021-02-17";"-3035";"315";"14634";"11924"
"2021-02-18";"-2931";"308";"14339";"11726"
"2021-02-19";"-2818";"313";"14446";"11950"
"2021-02-20";"-2399";"304";"14234";"12150"
"2021-02-21";"-1984";"306";"14159";"12491"
"2021-02-22";"-1456";"308";"13954";"12816"
"2021-02-23";"-820";"311";"13733";"13235"
"2021-02-24";"81";"304";"13459";"13856"
"2021-02-25";"1663";"299";"12756";"14731"
"2021-02-26";"3174";"285";"11976";"15448"
"2021-02-27";"3906";"289";"11809";"16017"
"2021-02-28";"4782";"283";"11509";"16589"
"2021-03-01";"5204";"279";"11589";"17087"
"2021-03-02";"6150";"277";"11183";"17625"
"2021-03-03";"6855";"281";"11108";"18262"
"2021-03-04";"7185";"286";"11198";"18688"
"2021-03-05";"7401";"292";"11479";"19193"
"2021-03-06";"7692";"296";"11860";"19868"
"2021-03-07";"7214";"298";"12806";"20341"
"2021-03-08";"6886";"308";"13234";"20454"
"2021-03-09";"6841";"313";"13654";"20835"
"2021-03-10";"7093";"311";"13609";"21052"
"2021-03-11";"7273";"316";"13825";"21454"
"2021-03-12";"7550";"328";"13934";"21852"
"2021-03-13";"7750";"329";"14075";"22198"
"2021-03-14";"8343";"337";"13556";"22276"
"2021-03-15";"8261";"342";"13829";"22471"
"2021-03-16";"8176";"360";"13989";"22564"
"2021-03-17";"7419";"374";"14841";"22657"
"2021-03-18";"7166";"382";"14980";"22551"
"2021-03-19";"6746";"382";"15245";"22396"
"2021-03-20";"6485";"394";"15191";"22077"
"2021-03-21";"5772";"400";"15719";"21912"
"2021-03-22";"4673";"404";"18135";"21709"
"2021-03-23";"3506";"411";"19061";"21476"
"2021-03-24";"3186";"415";"19121";"21220"
"2021-03-25";"2207";"421";"19935";"21057"
"2021-03-26";"1453";"431";"20431";"20808"
"2021-03-27";"909";"428";"20958";"20800"
"2021-03-28";"214";"427";"21590";"20721"
"2021-03-29";"409";"432";"19733";"20589"
"2021-03-30";"302";"429";"19460";"20195"
"2021-03-31";"-36";"430";"19976";"20374"
"2021-04-01";"74";"435";"19838";"20353"
"2021-04-02";"-202";"439";"19818";"20059"
"2021-04-03";"-994";"438";"20250";"19700"
"2021-04-04";"-591";"442";"19616";"19473"
"2021-04-05";"595";"425";"18130";"19154"
"2021-04-06";"-1009";"410";"18565";"17976"
"2021-04-07";"-1888";"433";"18162";"16717"
"2021-04-08";"-2736";"431";"18093";"15799"
"2021-04-09";"-4133";"464";"19030";"15371"
"2021-04-10";"-4539";"460";"18912";"14844"
"2021-04-11";"-5147";"461";"19194";"14518"
"2021-04-12";"-6526";"469";"20435";"14391"
"2021-04-13";"-5212";"477";"19924";"15202"
"2021-04-14";"-4740";"455";"19828";"15554"
"2021-04-15";"-4901";"439";"19969";"15518"
"2021-04-16";"-4232";"398";"18913";"15091"
"2021-04-17";"-3968";"393";"18341";"14777"
"2021-04-18";"-4056";"382";"18005";"14341"
"2021-04-19";"-4418";"376";"18242";"14209"
"2021-04-20";"-5215";"364";"18856";"14012"
"2021-04-21";"-5575";"349";"18899";"13680"
"2021-04-22";"-5404";"346";"18599";"13548"
"2021-04-23";"-5885";"333";"18927";"13380"
"2021-04-24";"-6266";"335";"19084";"13158"
"2021-04-25";"-6200";"330";"19090";"13224"
"2021-04-26";"-5811";"328";"18643";"13164"
"2021-04-27";"-4938";"326";"17534";"12925"
"2021-04-28";"-4695";"323";"17229";"12860"
"2021-04-29";"-4784";"312";"17080";"12613"
"2021-04-30";"-4182";"301";"16302";"12425"
"2021-05-01";"-4415";"287";"16428";"12303"
"2021-05-02";"-4329";"277";"15779";"11730"
"2021-05-03";"-4179";"271";"15279";"11374"
"2021-05-04";"-4894";"261";"15820";"11190"
"2021-05-05";"-5092";"250";"15628";"10790"
"2021-05-06";"-5130";"246";"15311";"10431"
"2021-05-07";"-5529";"238";"15305";"10018"
"2021-05-08";"-5775";"237";"15152";"9619"
"2021-05-09";"-6722";"237";"15978";"9497"
"2021-05-10";"-7127";"228";"16267";"9373"
"2021-05-11";"-7147";"221";"15985";"9063"
"2021-05-12";"-7815";"220";"16264";"8672"
"2021-05-13";"-8113";"212";"16039";"8141"
"2021-05-14";"-8280";"208";"15782";"7714"
"2021-05-15";"-8184";"196";"15196";"7212"
"2021-05-16";"-7853";"189";"14509";"6849"
"2021-05-17";"-7254";"181";"13686";"6617"
"2021-05-18";"-6936";"174";"13019";"6260"
"2021-05-19";"-6527";"157";"12291";"5925"
"2021-05-20";"-6646";"152";"12080";"5590"
"2021-05-21";"-6831";"157";"11924";"5255"
"2021-05-22";"-7012";"156";"11830";"4977"
"2021-05-23";"-6827";"153";"11397";"4726"
"2021-05-24";"-6636";"148";"11073";"4588"
"2021-05-25";"-6738";"143";"11004";"4413"
"2021-05-26";"-6672";"139";"10718";"4189"
"2021-05-27";"-6613";"140";"10431";"3961"
"2021-05-28";"-6503";"127";"10123";"3750"
"2021-05-29";"-5968";"121";"9399";"3555"
"2021-05-30";"-6114";"117";"9399";"3405"
"2021-05-31";"-6109";"113";"9303";"3309"
"2021-06-01";"-6056";"103";"9155";"3204"
"2021-06-02";"-7140";"94";"10099";"3055"
"2021-06-03";"-6804";"78";"9468";"2744"
"2021-06-04";"-6583";"71";"9085";"2575"
"2021-06-05";"-6657";"67";"9032";"2444"
"2021-06-06";"-6575";"68";"8853";"2348"
"2021-06-07";"-6460";"66";"8663";"2270"
"2021-06-08";"-6289";"67";"8406";"2186"
"2021-06-09";"-5016";"69";"7032";"2086"
"2021-06-10";"-5179";"73";"7206";"2102"
"2021-06-11";"-4993";"73";"6926";"2008"
"2021-06-12";"-4709";"72";"6541";"1907"
"2021-06-13";"-4566";"68";"6275";"1780"
"2021-06-14";"-4380";"64";"6042";"1728"
"2021-06-15";"-10831";"59";"12407";"1636"
"2021-06-16";"-10440";"55";"11905";"1522"
"2021-06-17";"-10100";"48";"11465";"1414"
"2021-06-18";"-10452";"43";"11715";"1307"
"2021-06-19";"-10466";"40";"11656";"1232"
"2021-06-20";"-10372";"38";"11491";"1159"
"2021-06-21";"-11562";"36";"12624";"1100"
"2021-06-22";"-4706";"32";"5712";"1040"
"2021-06-23";"-4748";"26";"5720";"976"
"2021-06-24";"-5186";"25";"6010";"919"
"2021-06-25";"-4548";"28";"5313";"863"
"2021-06-26";"-4488";"29";"5201";"811"
"2021-06-27";"-4364";"29";"5063";"797"
"2021-06-28";"-3167";"30";"3851";"782"
"2021-06-29";"-2877";"31";"3537";"760"
"2021-06-30";"-2597";"33";"3206";"735"
"2021-07-01";"-1850";"32";"2545";"728"
"2021-07-02";"-1779";"28";"2484";"734"
"2021-07-03";"-1737";"26";"2457";"748"
"2021-07-04";"-1785";"25";"2510";"751"
"2021-07-05";"-1593";"26";"2330";"764"
"2021-07-06";"-1464";"23";"2236";"797"
"2021-07-07";"-1229";"22";"2036";"830"
"2021-07-08";"-1127";"21";"2009";"904"
"2021-07-09";"-912";"20";"1879";"989"
"2021-07-10";"-652";"19";"1686";"1056"
"2021-07-11";"-512";"18";"1631";"1139"
"2021-07-12";"-444";"15";"1623";"1197"
"2021-07-13";"-276";"15";"1545";"1287"
"2021-07-14";"-20";"16";"1451";"1450"
"2021-07-15";"-81";"16";"1668";"1602"
"2021-07-16";"188";"14";"1616";"1817"
"2021-07-17";"354";"14";"1696";"2063"
"2021-07-18";"719";"13";"1580";"2311"
"2021-07-19";"1014";"12";"1454";"2480"
"2021-07-20";"1237";"11";"1522";"2769"
"2021-07-21";"1373";"11";"1687";"3070"
"2021-07-22";"1995";"11";"1433";"3442"
"2021-07-23";"2291";"12";"1457";"3762"
"2021-07-24";"2719";"11";"1319";"4051"
"2021-07-25";"2878";"12";"1390";"4282"
"2021-07-26";"2959";"14";"1456";"4431"
"2021-07-27";"3000";"16";"1550";"4569"
"2021-07-28";"3265";"15";"1492";"4774"
"2021-07-29";"3374";"16";"1541";"4933"
"2021-07-30";"3459";"16";"1666";"5144"
"2021-07-31";"3537";"17";"1782";"5340"
"2021-08-01";"3585";"17";"1817";"5423"
"2021-08-02";"3540";"17";"1872";"5433"
"2021-08-03";"3415";"17";"2043";"5479"
"2021-08-04";"3294";"18";"2291";"5608"
"2021-08-05";"3223";"19";"2512";"5759"
"2021-08-06";"3103";"20";"2629";"5756"
"2021-08-07";"3036";"21";"2751";"5812"
"2021-08-08";"2988";"22";"2857";"5871"
"2021-08-09";"3120";"22";"2870";"6015"
"2021-08-10";"3158";"23";"2943";"6128"
"2021-08-11";"3077";"24";"3070";"6181"
"2021-08-12";"2891";"24";"3262";"6187"
"2021-08-13";"2795";"27";"3469";"6303"
"2021-08-14";"2562";"29";"3741";"6344"
"2021-08-15";"2323";"30";"3968";"6334"
"2021-08-16";"1977";"31";"4238";"6258"
"2021-08-17";"1828";"34";"4334";"6207"
"2021-08-18";"1432";"39";"4758";"6234"
"2021-08-19";"1317";"43";"4866";"6233"
"2021-08-20";"1030";"43";"5126";"6206"
"2021-08-21";"994";"45";"5202";"6247"
"2021-08-22";"916";"46";"5316";"6284"
"2021-08-23";"980";"48";"5320";"6354"
"2021-08-24";"887";"49";"5528";"6469"
"2021-08-25";"992";"48";"5479";"6524"
"2021-08-26";"936";"46";"5533";"6519"
"2021-08-27";"951";"46";"5605";"6605"
"2021-08-28";"858";"47";"5609";"6517"
"2021-08-29";"873";"49";"5597";"6523"
"2021-08-30";"834";"50";"5647";"6535"
"2021-08-31";"371";"52";"6024";"6453"
"2021-09-01";"122";"54";"6123";"6303"
"2021-09-02";"-23";"56";"6199";"6238"
"2021-09-03";"-156";"58";"6174";"6082"
"2021-09-04";"-341";"59";"6259";"5981"
"2021-09-05";"-621";"60";"6445";"5889"
"2021-09-06";"-768";"60";"6463";"5761"
"2021-09-07";"-591";"60";"6176";"5650"
"2021-09-08";"-714";"60";"6217";"5567"
"2021-09-09";"-997";"59";"6324";"5390"
"2021-09-10";"-1219";"60";"6387";"5231"
"2021-09-11";"-1345";"60";"6374";"5094"
"2021-09-12";"-1338";"58";"6277";"5001"
"2021-09-13";"-1445";"55";"6307";"4920"
"2021-09-14";"-1635";"56";"6396";"4821"
"2021-09-15";"-1871";"56";"6474";"4664"
"2021-09-16";"-1939";"57";"6484";"4607"
"2021-09-17";"-2031";"58";"6422";"4454"
"2021-09-18";"-2084";"57";"6388";"4366"
"2021-09-19";"-1971";"56";"6158";"4248"
"2021-09-20";"-1913";"57";"6043";"4192"
"2021-09-21";"-1832";"56";"5873";"4100"
"2021-09-22";"-1704";"55";"5622";"3977"
"2021-09-23";"-1608";"55";"5375";"3826"
"2021-09-24";"-1531";"53";"5192";"3718"
"2021-09-25";"-1495";"53";"5005";"3568"
"2021-09-26";"-1613";"55";"5015";"3462"
"2021-09-27";"-1633";"55";"4945";"3372"
"2021-09-28";"-1520";"55";"4773";"3316"
"2021-09-29";"-1511";"55";"4658";"3207"
"2021-09-30";"-1539";"53";"4693";"3171"
"2021-10-01";"-1415";"53";"4514";"3115"
"2021-10-02";"-1404";"49";"4476";"3084"
"2021-10-03";"-1325";"48";"4380";"3065"
"2021-10-04";"-1283";"47";"4317";"3043"
"2021-10-05";"-1225";"44";"4189";"2968"
"2021-10-06";"-1105";"41";"4075";"2972"
"2021-10-07";"-1019";"40";"3825";"2848"
"2021-10-08";"-1104";"36";"3858";"2793"
"2021-10-09";"-1064";"39";"3735";"2713"
"2021-10-10";"-1166";"39";"3739";"2614"
"2021-10-11";"-1141";"38";"3701";"2601"
"2021-10-12";"-1108";"38";"3671";"2605"
"2021-10-13";"-1114";"38";"3611";"2538"
"2021-10-14";"-1115";"38";"3574";"2500"
"2021-10-15";"-1058";"39";"3474";"2458"
"2021-10-16";"-1033";"35";"3488";"2492"
"2021-10-17";"-1034";"34";"3512";"2515"
"2021-10-18";"-1106";"36";"3593";"2526"
"2021-10-19";"-1143";"39";"3657";"2555"
"2021-10-20";"-969";"38";"3617";"2688"
"2021-10-21";"-803";"38";"3611";"2849"
"2021-10-22";"-685";"37";"3658";"3013"
"2021-10-23";"-579";"41";"3681";"3145"
"2021-10-24";"-399";"41";"3685";"3329"
"2021-10-25";"-244";"39";"3666";"3463"
"2021-10-26";"71";"36";"3548";"3657"
"2021-10-27";"242";"38";"3503";"3785"
"2021-10-28";"433";"40";"3464";"3938"
"2021-10-29";"702";"39";"3402";"4146"
"2021-10-30";"909";"39";"3334";"4284"
"2021-10-31";"1096";"39";"3262";"4399"
"2021-11-01";"1295";"38";"3104";"4439"
"2021-11-02";"1343";"37";"2883";"4265"
"2021-11-03";"1417";"39";"2892";"4349"
"2021-11-04";"1514";"40";"2942";"4498"
"2021-11-05";"1673";"42";"2985";"4702"
"2021-11-06";"1902";"42";"3026";"4971"
"2021-11-07";"2077";"41";"3036";"5156"
"2021-11-08";"2150";"43";"3208";"5353"
"2021-11-09";"2251";"47";"3572";"5810"
"2021-11-10";"2510";"47";"3720";"6196"
"2021-11-11";"2792";"48";"3836";"6577"
"2021-11-12";"2900";"50";"3977";"6827"
"2021-11-13";"3060";"53";"4068";"7082"
"2021-11-14";"3178";"56";"4198";"7331"
"2021-11-15";"3157";"57";"4310";"7466"
"2021-11-16";"3313";"57";"4397";"7704"
"2021-11-17";"3461";"59";"4552";"8030"
"2021-11-18";"3656";"59";"4635";"8326"
"2021-11-19";"3782";"57";"4802";"8616"
"2021-11-20";"4041";"56";"4972";"9046"
"2021-11-21";"4219";"57";"5099";"9351"
"2021-11-22";"4377";"61";"5109";"9531"
"2021-11-23";"4445";"62";"5358";"9867"
"2021-11-24";"4605";"64";"5523";"10192"
"2021-11-25";"4869";"65";"5702";"10639"
"2021-11-26";"5070";"65";"5948";"11088"
"2021-11-27";"5078";"71";"6124";"11276"
"2021-11-28";"5383";"71";"6279";"11737"
"2021-11-29";"5447";"70";"6440";"11961"
"2021-11-30";"5680";"71";"6593";"12349"
"2021-12-01";"5781";"74";"6865";"12726"
"2021-12-02";"6039";"74";"7043";"13161"
"2021-12-03";"6219";"77";"7335";"13638"
"2021-12-04";"6396";"75";"7698";"14175"
"2021-12-05";"6508";"74";"7884";"14473"
"2021-12-06";"6599";"78";"8007";"14692"
"2021-12-07";"6661";"80";"8370";"15119"
"2021-12-08";"7062";"77";"8382";"15530"
"2021-12-09";"6526";"78";"8303";"14918"
"2021-12-10";"6713";"85";"8606";"15414"
"2021-12-11";"7166";"88";"8779";"16044"
"2021-12-12";"7554";"91";"8989";"16643"
"2021-12-13";"7846";"92";"9154";"17101"
"2021-12-14";"8071";"95";"9629";"17804"
"2021-12-15";"8063";"101";"10381";"18552"
"2021-12-16";"9054";"107";"11325";"20492"
"2021-12-17";"9831";"107";"11708";"21655"
"2021-12-18";"10513";"111";"12025";"22658"
"2021-12-19";"11057";"116";"12204";"23378"
"2021-12-20";"11278";"121";"12478";"23878"
"2021-12-21";"12393";"126";"12804";"25324"
"2021-12-22";"13868";"128";"13203";"27195"
"2021-12-23";"16014";"135";"13690";"29836"
"2021-12-24";"18387";"138";"14454";"32974"
"2021-12-25";"21856";"141";"14800";"36788"
"2021-12-26";"22081";"139";"14661";"36878"
"2021-12-27";"23972";"139";"14854";"38963"
"2021-12-28";"30675";"145";"14933";"45751"
"2021-12-29";"38877";"145";"15544";"54570"
"2021-12-30";"49919";"143";"16277";"66326"
"2021-12-31";"62901";"145";"16673";"79704"
"2022-01-01";"74475";"140";"17471";"92075"
"2022-01-02";"79100";"148";"18004";"97241"
"2022-01-03";"83935";"148";"18488";"102561"
"2022-01-04";"95204";"157";"20429";"115780"
"2022-01-05";"106607";"169";"22024";"128791"
"2022-01-06";"116302";"175";"25528";"142013"
"2022-01-07";"110441";"185";"26242";"136879"
"2022-01-08";"113871";"195";"30828";"144907"
"2022-01-09";"124777";"199";"33433";"158423"
"2022-01-10";"125649";"211";"39601";"163239"
"2022-01-11";"124120";"216";"48190";"170337"
"2022-01-12";"114420";"228";"58928";"171353"
"2022-01-13";"104277";"245";"64075";"166378"
"2022-01-14";"103537";"264";"78021";"177514"
"2022-01-15";"93136";"282";"87746";"175067"
"2022-01-16";"86411";"295";"94719";"174189"
"2022-01-17";"78669";"304";"97593";"171566"
"2022-01-18";"61145";"324";"116215";"170348"
"2022-01-19";"57790";"333";"120209";"169790"
"2022-01-20";"51218";"343";"128812";"170388"
"2022-01-21";"42411";"345";"135436";"169367"
"2022-01-22";"36157";"349";"139457";"168058"
"2022-01-23";"26578";"346";"146899";"166536"
"2022-01-24";"22083";"355";"150568";"165721"
"2022-01-25";"18158";"360";"152621";"162651"
"2022-01-26";"12856";"366";"153088";"159063"
"2022-01-27";"3487";"367";"156338";"154335"
"2022-01-28";"-3839";"368";"157770";"149305"
"2022-01-29";"-8472";"374";"156695";"144431"
"2022-01-30";"-13013";"375";"155753";"139460"
"2022-01-31";"-16750";"375";"156629";"136606"
"2022-02-01";"-30393";"369";"158599";"128410"
"2022-02-02";"-44136";"364";"165513";"121523"
"2022-02-03";"-54032";"368";"169250";"115379"
"2022-02-04";"-64355";"376";"173358";"109039"
"2022-02-05";"-76586";"375";"179271";"102755"
"2022-02-06";"-81510";"375";"180600";"99168"
"2022-02-07";"-85986";"371";"182790";"96815"
"2022-02-08";"-78388";"370";"170782";"92347"
"2022-02-09";"-76143";"368";"163159";"86971"
"2022-02-10";"-73565";"355";"155343";"81710"
"2022-02-11";"-66746";"341";"143763";"77086"
"2022-02-12";"-61847";"326";"134455";"72668"
"2022-02-13";"-62082";"321";"130896";"68812"
"2022-02-14";"-57155";"314";"124143";"67009"
"2022-02-15";"-53913";"310";"116418";"62579"
"2022-02-16";"-56359";"295";"115765";"59491"
"2022-02-17";"-53581";"294";"110396";"56923"
"2022-02-18";"-49572";"292";"104422";"54996"
"2022-02-19";"-46548";"289";"99751";"53325"
"2022-02-20";"-41475";"282";"93236";"51914"
"2022-02-21";"-38378";"271";"89537";"51311"
"2022-02-22";"-36945";"261";"86559";"49765"
"2022-02-23";"-36956";"257";"85043";"48235"
"2022-02-24";"-34140";"247";"80729";"46560"
"2022-02-25";"-32600";"230";"77544";"44744"
"2022-02-26";"-32746";"224";"76080";"43007"
"2022-02-27";"-32296";"224";"74154";"41371"
"2022-02-28";"-31720";"225";"72691";"40453"
"2022-03-01";"-31223";"213";"70350";"38539"
"2022-03-02";"-22830";"207";"60360";"36737"
"2022-03-03";"-22538";"198";"59376";"36070"
"2022-03-04";"-21734";"200";"58039";"35663"
"2022-03-05";"-17390";"195";"53986";"35890"
"2022-03-06";"-15134";"190";"52309";"36522"
"2022-03-07";"-13082";"179";"50895";"37108"
"2022-03-08";"-8816";"172";"48580";"39045"
"2022-03-09";"-8527";"163";"49996";"40767"
"2022-03-10";"-10044";"156";"53315";"42586"
"2022-03-11";"-6758";"149";"52267";"44733"
"2022-03-12";"-4744";"143";"52159";"46714"
"2022-03-13";"-2405";"140";"51850";"48689"
"2022-03-14";"-732";"140";"51182";"49663"
"2022-03-15";"3515";"139";"50602";"53248"
"2022-03-16";"7464";"137";"50132";"56689"
"2022-03-17";"16723";"136";"44761";"60356"
"2022-03-18";"20535";"137";"44465";"63659"
"2022-03-19";"23128";"130";"44892";"66544"
"2022-03-20";"24760";"131";"44900";"68191"
"2022-03-21";"24577";"130";"45619";"68716"
"2022-03-22";"23498";"132";"48195";"70299"
"2022-03-23";"24675";"134";"47617";"70826"
"2022-03-24";"22512";"142";"49812";"71100"
"2022-03-25";"18009";"139";"54007";"71009"
"2022-03-26";"15266";"144";"56580";"70914"
"2022-03-27";"12867";"142";"58845";"70791"
"2022-03-28";"11254";"139";"60192";"70525"
"2022-03-29";"9467";"136";"62466";"70967"
"2022-03-30";"7989";"139";"62949";"71161"
"2022-03-31";"4463";"135";"65295";"69930"
"2022-04-01";"3601";"136";"66248";"69749"
"2022-04-02";"3318";"138";"66072";"69384"
"2022-04-03";"3018";"143";"65566";"68532"
"2022-04-04";"2893";"147";"65654";"68521"
"2022-04-05";"1073";"150";"65846";"66909"
"2022-04-06";"-1280";"147";"67983";"65717"
"2022-04-07";"-3427";"146";"69526";"65203"
"2022-04-08";"-3126";"144";"67883";"64086"
"2022-04-09";"-5678";"142";"69439";"63113"
"2022-04-10";"-5351";"138";"68961";"62797"
"2022-04-11";"-5935";"136";"69171";"62474"
"2022-04-12";"-6520";"133";"69066";"61827"
"2022-04-13";"-6571";"134";"68074";"60792"
"2022-04-14";"-3628";"133";"64487";"60129"
"2022-04-15";"-4383";"132";"64479";"59417"
"2022-04-16";"-2361";"135";"62470";"59392"
"2022-04-17";"-2931";"134";"62803";"59480"
"2022-04-18";"-2274";"129";"60706";"58053"
"2022-04-19";"-2924";"123";"53257";"49992"
"2022-04-20";"-2994";"130";"58728";"55394"
"2022-04-21";"-693";"133";"57907";"56832"
"2022-04-22";"600";"142";"58241";"58497"
"2022-04-23";"1556";"144";"58211";"59455"
"2022-04-24";"2587";"143";"57837";"60065"
"2022-04-25";"3680";"145";"57699";"60994"
"2022-04-26";"3814";"148";"57941";"61331"
"2022-04-27";"3968";"145";"56074";"59630"
"2022-04-28";"3713";"140";"55483";"58799"
"2022-04-29";"3428";"130";"53728";"56749"
"2022-04-30";"-407";"128";"55135";"54332"
"2022-05-01";"-1783";"132";"54327";"52117"
"2022-05-02";"-5357";"136";"57009";"51262"
"2022-05-03";"-5002";"137";"61286";"55904"
"2022-05-04";"-6801";"133";"57262";"50061"
"2022-05-05";"-11955";"134";"59369";"47069"
"2022-05-06";"-14390";"132";"59659";"44938"
"2022-05-07";"-14002";"130";"57383";"43070"
"2022-05-08";"-15965";"125";"57869";"41648"
"2022-05-09";"-14478";"120";"56153";"41399"
"2022-05-10";"-16713";"120";"57499";"40534"
"2022-05-11";"-20839";"115";"60923";"39850"
"2022-05-12";"-20920";"114";"59686";"38573"
"2022-05-13";"-19789";"112";"57794";"37796"
"2022-05-14";"-18654";"109";"56026";"37156"
"2022-05-15";"-17399";"108";"54274";"36635"
"2022-05-16";"-17341";"110";"53692";"36137"
"2022-05-17";"-16510";"109";"51249";"34491"
"2022-05-18";"-12660";"112";"45716";"32799"
"2022-05-19";"-17930";"109";"49737";"31512"
"2022-05-20";"-19065";"105";"49132";"29806"
"2022-05-21";"-20560";"105";"48900";"28082"
"2022-05-22";"-21075";"101";"48070";"26737"
"2022-05-23";"-21332";"98";"47794";"26187"
"2022-05-24";"-22483";"94";"47087";"24263"
"2022-05-25";"-22856";"91";"46331";"23125"
"2022-05-26";"-19918";"90";"42238";"21951"
"2022-05-27";"-19352";"93";"40702";"20966"
"2022-05-28";"-19328";"89";"39878";"20149"
"2022-05-29";"-19793";"88";"39894";"19732"
"2022-05-30";"-19169";"86";"38962";"19406"
"2022-05-31";"-18661";"78";"37437";"18440"
"2022-06-01";"-17668";"70";"35855";"17862"
"2022-06-02";"-13978";"66";"31467";"17162"
"2022-06-03";"-12984";"57";"29002";"15700"
"2022-06-04";"-11386";"54";"28005";"16310"
"2022-06-05";"-10089";"54";"26762";"16347"
"2022-06-06";"-9645";"55";"26427";"16486"
"2022-06-07";"-7202";"56";"24536";"17031"
"2022-06-08";"-5702";"59";"23619";"17598"
"2022-06-09";"-4383";"58";"23132";"18434"
"2022-06-10";"-3519";"61";"24024";"20166"
"2022-06-11";"-2986";"63";"23439";"20105"
"2022-06-12";"-2745";"63";"23739";"20619"
"2022-06-13";"-2060";"59";"23352";"20885"
"2022-06-14";"-3585";"59";"26490";"22512"
"2022-06-15";"-3587";"55";"27909";"23873"
"2022-06-16";"-3491";"54";"29747";"25806"
"2022-06-17";"-7339";"50";"35621";"27787"
"2022-06-18";"-8564";"48";"38636";"29627"
"2022-06-19";"-4124";"47";"36332";"31319"
"2022-06-20";"-6040";"50";"39136";"32205"
"2022-06-21";"-565";"48";"37008";"35523"
"2022-06-22";"3018";"48";"36577";"38669"
"2022-06-23";"7399";"50";"35104";"41468"
"2022-06-24";"15162";"51";"30231";"44383"
"2022-06-25";"20352";"51";"28170";"47441"
"2022-06-26";"20013";"54";"30658";"50002"
"2022-06-27";"23457";"55";"28373";"51170"
"2022-06-28";"24789";"56";"30026";"54149"
"2022-06-29";"30029";"57";"30582";"59901"
"2022-06-30";"33174";"55";"31268";"63773"
"2022-07-01";"35833";"58";"32962";"68131"
"2022-07-02";"37441";"61";"35503";"72176"
"2022-07-03";"39500";"63";"36812";"75532"
"2022-07-04";"40047";"63";"37961";"77180"
"2022-07-05";"44832";"66";"40152";"84139"
"2022-07-06";"44403";"68";"42659";"86085"
"2022-07-07";"44844";"73";"45663";"89509"
"2022-07-08";"45459";"78";"47181";"91560"
"2022-07-09";"42472";"82";"52016";"93466"
"2022-07-10";"41447";"80";"54277";"94605"
"2022-07-11";"40691";"90";"61720";"94816"
"2022-07-12";"37601";"99";"66378";"96343"
"2022-07-13";"35122";"104";"69077";"96684"
"2022-07-14";"32104";"105";"72129";"96667"
"2022-07-15";"25649";"109";"78019";"96052"
"2022-07-16";"26526";"112";"76065";"94878"
"2022-07-17";"23568";"117";"77223";"93149"
"2022-07-18";"21482";"115";"71924";"92213"
"2022-07-19";"14637";"118";"75487";"89030"
"2022-07-20";"9641";"125";"76935";"85587"
"2022-07-21";"4628";"132";"78069";"81805"
"2022-07-22";"3239";"135";"75702";"78190"
"2022-07-23";"-2384";"136";"78152";"75096"
"2022-07-24";"-5026";"136";"78349";"72723"
"2022-07-25";"-5716";"135";"77906";"71651"
"2022-07-26";"-8215";"146";"75758";"67013"
"2022-07-27";"-11321";"153";"75657";"63838"
"2022-07-28";"-14785";"159";"76156";"60942"
"2022-07-29";"-18025";"171";"76919";"58515"
"2022-07-30";"-20733";"172";"76930";"55858"
"2022-07-31";"-21912";"173";"76019";"53823"
"2022-08-01";"-22804";"175";"76252";"53125"
"2022-08-02";"-23675";"166";"73767";"49788"
"2022-08-03";"-25526";"161";"72989";"47186"
"2022-08-04";"-25291";"156";"70206";"44699"
"2022-08-05";"-25155";"146";"67766";"42432"
"2022-08-06";"-25895";"151";"66315";"40351"
"2022-08-07";"-25932";"150";"64840";"38879"
"2022-08-08";"-28655";"149";"66486";"37903"
"2022-08-09";"-30197";"147";"64884";"34792"
"2022-08-10";"-33088";"143";"65741";"32803"
"2022-08-11";"-33583";"139";"64165";"30726"
"2022-08-12";"-33179";"136";"62117";"29079"
"2022-08-13";"-31048";"131";"58532";"27620"
"2022-08-14";"-31055";"132";"57509";"26590"
"2022-08-15";"-26729";"122";"52896";"26293"
"2022-08-16";"-23472";"107";"44778";"21416"
"2022-08-17";"-19296";"104";"41255";"22068"
"2022-08-18";"-17459";"107";"39255";"21905"
"2022-08-19";"-16501";"103";"38015";"21619"
"2022-08-20";"-15071";"97";"36534";"21563"
"2022-08-21";"-14109";"95";"35576";"21565"
"2022-08-22";"-14284";"99";"35822";"21640"
"2022-08-23";"-14562";"108";"39864";"25413"
"2022-08-24";"-15278";"106";"39030";"23860"
"2022-08-25";"-15241";"97";"38451";"23309"
"2022-08-26";"-14514";"94";"37343";"22924"
"2022-08-27";"-14293";"92";"36753";"22554"
"2022-08-28";"-14131";"89";"36333";"22294"
"2022-08-29";"-14045";"87";"35953";"21999"
"2022-08-30";"-13121";"82";"34425";"21389"
"2022-08-31";"-11697";"79";"32493";"20878"
"2022-09-01";"-11017";"77";"31396";"20459"
"2022-09-02";"-11062";"75";"31037";"20054"
"2022-09-03";"-10628";"71";"30016";"19463"
"2022-09-04";"-10961";"69";"29715";"18827"
"2022-09-05";"-11329";"66";"29837";"18578"
"2022-09-06";"-12700";"64";"30319";"17687"
"2022-09-07";"-12884";"59";"29902";"17081"
"2022-09-08";"-16966";"62";"33526";"16659"
"2022-09-09";"-16796";"58";"32845";"16142"
"2022-09-10";"-17606";"53";"33359";"15842"
"2022-09-11";"-18760";"54";"34386";"15716"
"2022-09-12";"-18113";"53";"33712";"15688"
"2022-09-13";"-16758";"55";"32115";"15446"
"2022-09-14";"-14978";"56";"30515";"15629"
"2022-09-15";"-10174";"52";"25809";"15690"
"2022-09-16";"-11013";"50";"26910";"15951"
"2022-09-17";"-8284";"53";"24405";"16178"
"2022-09-18";"-6256";"53";"22344";"16144"
"2022-09-19";"-5064";"52";"21416";"16407"
"2022-09-20";"-5710";"48";"22813";"17155"
"2022-09-21";"-5399";"44";"22840";"17489"
"2022-09-22";"-4496";"44";"22587";"18139"
"2022-09-23";"-1279";"45";"19901";"18670"
"2022-09-24";"-565";"46";"19930";"19400"
"2022-09-25";"33";"43";"20294";"20360"
"2022-09-26";"30";"43";"20547";"20610"
"2022-09-27";"4332";"44";"18600";"22964"
"2022-09-28";"6609";"44";"18552";"25170"
"2022-09-29";"9059";"40";"18249";"27312"
"2022-09-30";"3597";"38";"25626";"29226"
"2022-10-01";"4736";"38";"26017";"30885"
"2022-10-02";"5666";"39";"26530";"32272"
"2022-10-03";"5645";"41";"27022";"32745"
"2022-10-04";"6775";"40";"28093";"34944"
"2022-10-05";"7195";"39";"28877";"36172"
"2022-10-06";"4626";"43";"32490";"37219"
"2022-10-07";"12002";"47";"26566";"38675"
"2022-10-08";"5907";"50";"34179";"40081"
"2022-10-09";"5706";"53";"35168";"40929"
"2022-10-10";"5211";"53";"35915";"41182"
"2022-10-11";"4158";"56";"37772";"41989"
"2022-10-12";"3387";"60";"38900";"42352"
"2022-10-13";"4357";"61";"38052";"42473"
"2022-10-14";"2402";"66";"39418";"41889"
"2022-10-15";"7856";"68";"33283";"41211"
"2022-10-16";"6446";"67";"34094";"40610"
"2022-10-17";"5809";"73";"34574";"40374"
"2022-10-18";"3184";"78";"36114";"39294"
"2022-10-19";"1334";"79";"37097";"38429"
"2022-10-20";"-621";"82";"38315";"37695"
"2022-10-21";"-2088";"81";"39146";"37057"
"2022-10-22";"-4114";"84";"40141";"36029"
"2022-10-23";"-4745";"87";"40100";"35360"
"2022-10-24";"-5093";"79";"40109";"35098"
"2022-10-25";"-6173";"80";"39810";"33720"
"2022-10-26";"-6360";"82";"39044";"32767"
"2022-10-27";"-7205";"83";"38630";"31510"
"2022-10-28";"-7463";"82";"37878";"30499"
"2022-10-29";"-8070";"80";"37776";"29788"
"2022-10-30";"-8462";"80";"37160";"28781"
"2022-10-31";"-8192";"82";"36369";"28261"
"2022-11-01";"-8368";"77";"34079";"25667"
"2022-11-02";"-9098";"72";"31825";"22676"
"2022-11-03";"-8447";"71";"32208";"23709"
"2022-11-04";"-7602";"76";"31271";"23622"
"2022-11-05";"-6832";"79";"30466";"23590"
"2022-11-06";"-5688";"78";"29632";"23900"
"2022-11-07";"-5165";"78";"29433";"24224"
"2022-11-08";"-3659";"79";"28997";"25418"
"2022-11-09";"-2551";"82";"29895";"27428"
"2022-11-10";"-937";"78";"26741";"25885"
"2022-11-11";"-529";"74";"26169";"25715"
"2022-11-12";"466";"69";"25348";"25885"
"2022-11-13";"968";"69";"25151";"26190"
"2022-11-14";"1289";"71";"24981";"26343"
"2022-11-15";"3160";"74";"24311";"27548"
"2022-11-16";"4121";"75";"24494";"28692"
"2022-11-17";"4906";"76";"24782";"29766"
"2022-11-18";"6364";"76";"24409";"30851"
"2022-11-19";"6899";"77";"24597";"31575"
"2022-11-20";"7064";"76";"24884";"32026"
"2022-11-21";"6521";"76";"25621";"32220"
"2022-11-22";"6247";"77";"26315";"32641"
"2022-11-23";"5723";"81";"26757";"32563"
"2022-11-24";"5652";"83";"26997";"32734"
"2022-11-25";"4503";"83";"28113";"32701"
"2022-11-26";"3902";"85";"28650";"32639"
"2022-11-27";"3012";"87";"29253";"32354"
"2022-11-28";"2910";"89";"29295";"32296"
"2022-11-29";"2716";"92";"29533";"32344"
"2022-11-30";"2455";"89";"29989";"32536"
"2022-12-01";"2102";"91";"30296";"32491"
"2022-12-02";"2689";"94";"29599";"32384"
"2022-12-03";"2905";"96";"29541";"32544"
"2022-12-04";"3059";"95";"29596";"32753"
"2022-12-05";"3253";"93";"29444";"32765"
"2022-12-06";"2593";"97";"29935";"32599"
"2022-12-07";"2454";"99";"29841";"32370"
"2022-12-08";"2272";"98";"29247";"31593"
"2022-12-09";"489";"96";"27784";"28344"
"2022-12-10";"-936";"96";"29187";"28322"
"2022-12-11";"-1022";"97";"28963";"28012"
"2022-12-12";"-1285";"98";"29097";"27913"
"2022-12-13";"-2873";"94";"29688";"26912"
"2022-12-14";"-3812";"100";"29549";"25841"
"2022-12-15";"-5346";"103";"30190";"24950"
"2022-12-16";"-4988";"109";"31537";"26660"
"2022-12-17";"-4749";"107";"29526";"24888"
"2022-12-18";"-5226";"110";"29003";"23891"
"2022-12-19";"-5682";"112";"29013";"23447"
"2022-12-20";"-6115";"108";"27453";"21450"
"2022-12-21";"-6293";"108";"26604";"20422"
"2022-12-22";"-7027";"114";"26566";"19657"
"2022-12-23";"-7271";"114";"26246";"19094"
"2022-12-24";"-7047";"114";"25852";"18922"
"2022-12-25";"-6978";"111";"25744";"18880"
"2022-12-26";"-5839";"104";"24038";"18306"
"2022-12-27";"-5442";"98";"20768";"15426"
"2022-12-28";"-4751";"107";"21365";"16723"
"2022-12-29";"-2686";"101";"20028";"17444"
"2022-12-30";"-1748";"103";"19887";"18244"
"2022-12-31";"-803";"107";"19600";"18905"
"2023-01-01";"131";"109";"18845";"19086"
"2023-01-02";"-58";"116";"19156";"19215"
"2023-01-03";"1050";"125";"20722";"21898"
"2023-01-04";"875";"110";"19404";"20390"
"2023-01-05";"-1640";"111";"20954";"19427"
"2023-01-06";"-4316";"99";"22465";"18251"
"2023-01-07";"-5409";"88";"20795";"15475"
"2023-01-08";"-6336";"88";"21177";"14930"
"2023-01-09";"-6817";"85";"21688";"14958"
"2023-01-10";"-7485";"86";"21428";"14031"
"2023-01-11";"-8685";"85";"21616";"13019"
"2023-01-12";"-7506";"82";"19432";"12011"
"2023-01-13";"-6039";"84";"16905";"10952"
"2023-01-14";"-7053";"89";"18356";"11394"
"2023-01-15";"-7704";"86";"17922";"10307"
"2023-01-16";"-7744";"87";"17593";"9937"
"2023-01-17";"-8478";"77";"16995";"8595"
"2023-01-18";"-7642";"75";"15518";"7952"
"2023-01-19";"-7656";"71";"14998";"7414"
"2023-01-20";"-7216";"66";"14222";"7074"
"2023-01-21";"-6287";"63";"12966";"6743"
"2023-01-22";"-6043";"61";"12423";"6444"
"2023-01-23";"-5648";"57";"11956";"6367"
"2023-01-24";"-5310";"56";"11168";"5915"
"2023-01-25";"-5284";"54";"10899";"5670"
"2023-01-26";"-6869";"49";"12271";"5453"
"2023-01-27";"-6916";"47";"12073";"5205"
"2023-01-28";"-6567";"43";"11770";"5055"
"2023-01-29";"-6398";"45";"11560";"5016"
"2023-01-30";"-6167";"43";"11235";"4920"
"2023-01-31";"-5920";"49";"10872";"4811"
"2023-02-01";"-5691";"62";"10536";"4717"
"2023-02-02";"-3426";"63";"8275";"4720"
"2023-02-03";"-3411";"65";"8214";"4677"
"2023-02-04";"-3880";"65";"8494";"4680"
"2023-02-05";"-3823";"64";"8444";"4686"
"2023-02-06";"-3837";"64";"8455";"4682"
"2023-02-07";"-3551";"57";"8150";"4657"
"2023-02-08";"-3547";"41";"8085";"4580"
"2023-02-09";"-4561";"40";"8936";"4416"
"2023-02-10";"-4314";"38";"8589";"4314"
"2023-02-11";"-4097";"37";"8243";"4185"
"2023-02-12";"-4068";"36";"8123";"4092"
"2023-02-13";"-3686";"35";"7710";"4061"
"2023-02-14";"-3286";"36";"7254";"4005"
"2023-02-15";"-2700";"39";"6683";"4023"
"2023-02-16";"-1504";"43";"5511";"4051"
"2023-02-17";"-1216";"43";"5282";"4109"
"2023-02-18";"-876";"44";"4996";"4165"
"2023-02-19";"-594";"45";"4748";"4199"
"2023-02-20";"-775";"44";"4934";"4204"
"2023-02-21";"-964";"43";"5134";"4214"
"2023-02-22";"-1381";"38";"5531";"4189"
"2023-02-23";"-2346";"35";"6517";"4206"
"2023-02-24";"-3409";"35";"7586";"4213"
"2023-02-25";"-3597";"35";"7730";"4169"
"2023-02-26";"-4298";"35";"8398";"4135"
"2023-02-27";"-4257";"36";"8337";"4119"
"2023-02-28";"-4477";"35";"8431";"3990"
"2023-03-01";"-4228";"34";"8176";"3986"
"2023-03-02";"-3005";"33";"6781";"3812"
"2023-03-03";"-2037";"33";"5685";"3684"
"2023-03-04";"-1850";"32";"5408";"3594"
"2023-03-05";"-954";"31";"4439";"3519"
"2023-03-06";"-743";"30";"4218";"3509"
"2023-03-07";"-697";"30";"4142";"3479"
"2023-03-08";"-590";"30";"3936";"3379"
"2023-03-09";"-571";"31";"3964";"3427"
"2023-03-10";"-506";"28";"3912";"3438"
"2023-03-11";"-466";"28";"3887";"3454"
"2023-03-12";"-537";"31";"3984";"3482"
"2023-03-13";"-538";"33";"3977";"3476"
"2023-03-14";"-306";"32";"3716";"3445"
"2023-03-15";"-300";"32";"3708";"3443"
"2023-03-16";"-298";"30";"3658";"3390"
"2023-03-17";"-198";"29";"3515";"3344"
"2023-03-18";"-153";"29";"3416";"3290"
"2023-03-19";"-123";"26";"3339";"3241"
"2023-03-20";"-189";"24";"3378";"3212"
"2023-03-21";"-252";"25";"3400";"3171"
"2023-03-22";"-325";"25";"3463";"3163"
"2023-03-23";"-484";"26";"3635";"3179"
"2023-03-24";"-513";"26";"3672";"3190"
"2023-03-25";"-445";"26";"3657";"3242"
"2023-03-26";"-482";"26";"3680";"3228"
"2023-03-27";"-577";"25";"3783";"3235"
"2023-03-28";"-786";"24";"3970";"3211"
"2023-03-29";"-888";"23";"4035";"3173"
"2023-03-30";"-704";"22";"3806";"3126"
"2023-03-31";"-701";"25";"3751";"3076"
"2023-04-01";"-671";"26";"3645";"3000"
"2023-04-02";"-610";"26";"3593";"3010"
"2023-04-03";"-462";"26";"3444";"3009"
"2023-04-04";"-208";"26";"3147";"2965"
"2023-04-05";"-92";"27";"2986";"2922"
"2023-04-06";"-163";"25";"3006";"2868"
"2023-04-07";"-132";"21";"2978";"2866"
"2023-04-08";"-103";"21";"2926";"2843"
"2023-04-09";"-106";"20";"2938";"2851"
"2023-04-10";"8";"19";"2780";"2805"
"2023-04-11";"-325";"17";"2648";"2339"
"2023-04-12";"96";"16";"2715";"2826"
"2023-04-13";"193";"18";"2901";"3111"
"2023-04-14";"289";"21";"2991";"3301"
"2023-04-15";"453";"20";"3063";"3535"
"2023-04-16";"660";"19";"2948";"3627"
"2023-04-17";"457";"21";"3235";"3713"
"2023-04-18";"671";"22";"3671";"4364"
"2023-04-19";"354";"28";"3719";"4091"
"2023-04-20";"328";"27";"3652";"3997"
"2023-04-21";"272";"25";"3630";"3918"
"2023-04-22";"125";"27";"3657";"3799"
"2023-04-23";"-119";"28";"3867";"3767"
"2023-04-24";"-79";"29";"3800";"3734"
"2023-04-25";"-705";"28";"4262";"3570"
"2023-04-26";"-933";"22";"4027";"3111"
"2023-04-27";"-877";"22";"4165";"3305"
"2023-04-28";"-954";"22";"4247";"3311"
"2023-04-29";"-1230";"23";"4500";"3288"
"2023-04-30";"-1194";"22";"4422";"3244"
"2023-05-01";"-975";"20";"4186";"3232"
"2023-05-02";"-586";"20";"3314";"2748"
"2023-05-03";"-234";"23";"3470";"3259"
"2023-05-04";"-640";"24";"3591";"2975"
"2023-05-05";"-595";"25";"3488";"2919"
"2023-05-06";"-363";"26";"3179";"2842"
"2023-05-07";"-256";"27";"3023";"2794"
"2023-05-08";"-460";"29";"3213";"2782"
"2023-05-09";"-73";"30";"3216";"3173"
"2023-05-10";"-212";"26";"3048";"2862"
"2023-05-11";"132";"25";"2564";"2721"
"2023-05-12";"36";"24";"2486";"2546"
"2023-05-13";"-41";"22";"2463";"2444"
"2023-05-14";"-158";"22";"2496";"2360"
"2023-05-15";"-9";"22";"2291";"2304"
"2023-05-16";"-74";"22";"2178";"2127"
"2023-05-17";"-243";"24";"2313";"2095"
"2023-05-18";"-332";"23";"2358";"2049"
"2023-05-19";"-292";"25";"2297";"2031"
"2023-05-20";"-257";"23";"2257";"2024"
"2023-05-21";"-223";"22";"2243";"2043"
"2023-05-22";"-263";"22";"2306";"2066"
"2023-05-23";"-263";"21";"2382";"2141"
"2023-05-24";"-403";"20";"2503";"2068"
"2023-05-25";"-338";"21";"2456";"2088"
"2023-05-26";"-248";"20";"2387";"2107"
"2023-05-27";"-194";"22";"2334";"2111"
"2023-05-28";"-193";"23";"2328";"2106"
"2023-05-29";"-183";"21";"2310";"2096"
"2023-05-30";"-192";"20";"2229";"2006"
"2023-05-31";"-188";"19";"2148";"1980"
"2023-06-01";"-283";"18";"2159";"1887"
"2023-06-02";"-383";"17";"2137";"1764"
"2023-06-03";"-517";"16";"2070";"1561"
"2023-06-04";"-519";"15";"2031";"1519"
"2023-06-05";"-533";"15";"2034";"1509"
"2023-06-06";"-557";"15";"1994";"1444"
"2023-06-07";"-287";"14";"1644";"1353"
"2023-06-08";"-212";"15";"1504";"1298"
"2023-06-09";"-191";"14";"1462";"1276"
"2023-06-10";"-152";"15";"1495";"1348"
"2023-06-11";"-164";"15";"1454";"1296"
"2023-06-12";"-94";"15";"1345";"1256"
"2023-06-13";"-244";"13";"1401";"1160"
"2023-06-14";"-275";"14";"1382";"1121"
"2023-06-15";"-327";"12";"1381";"1066"
"2023-06-16";"-341";"11";"1358";"1028"
"2023-06-17";"-369";"12";"1348";"990"
"2023-06-18";"-332";"11";"1277";"957"
"2023-06-19";"-359";"12";"1282";"935"
"2023-06-20";"-204";"12";"1082";"890"
"2023-06-21";"-174";"12";"1004";"842"
"2023-06-22";"-238";"11";"1035";"809"
"2023-06-23";"-210";"12";"981";"783"
"2023-06-24";"-189";"12";"933";"756"
"2023-06-25";"-186";"12";"921";"748"
"2023-06-26";"-122";"12";"869";"760"
"2023-06-27";"-142";"13";"829";"701"
"2023-06-28";"-176";"13";"846";"682"
"2023-06-29";"-143";"12";"802";"672"
"2023-06-30";"-195";"11";"835";"651"
"2023-07-01";"-80";"10";"704";"633"
"2023-07-02";"-76";"9";"680";"613"
"2023-07-03";"-88";"8";"666";"587"
"2023-07-04";"-233";"6";"786";"559"
"2023-07-05";"-245";"5";"787";"548"
"2023-07-06";"-160";"5";"687";"533"
"2023-07-07";"-115";"5";"627";"516"
"2023-07-08";"-238";"4";"739";"506"
"2023-07-09";"-221";"4";"724";"507"
"2023-07-10";"-239";"4";"742";"508"
"2023-07-11";"-73";"5";"574";"506"
"2023-07-12";"-15";"5";"503";"493"
"2023-07-13";"-61";"5";"545";"487"
"2023-07-14";"-78";"7";"566";"493"
"2023-07-15";"-78";"6";"558";"485"
"2023-07-16";"-97";"6";"565";"473"
"2023-07-17";"-62";"7";"530";"473"
"2023-07-18";"-38";"7";"512";"479"
"2023-07-19";"-50";"7";"527";"482"
"2023-07-20";"25";"6";"455";"486"
"2023-07-21";"72";"6";"414";"492"
"2023-07-22";"58";"6";"446";"511"
"2023-07-23";"61";"6";"451";"518"
"2023-07-24";"60";"5";"458";"523"
"2023-07-25";"87";"4";"455";"547"
"2023-07-26";"148";"3";"421";"573"
"2023-07-27";"116";"4";"470";"590"
"2023-07-28";"119";"3";"491";"613"
"2023-07-29";"153";"2";"470";"626"
"2023-07-30";"177";"2";"473";"652"
"2023-07-31";"194";"3";"461";"658"
"2023-08-01";"177";"3";"532";"713"
"2023-08-02";"201";"5";"561";"761"
"2023-08-03";"241";"6";"578";"819"
"2023-08-04";"256";"7";"601";"858"
"2023-08-05";"314";"7";"587";"902"
"2023-08-06";"298";"7";"598";"898"
"2023-08-07";"284";"8";"632";"918"
"2023-08-08";"255";"10";"641";"900"
"2023-08-09";"214";"10";"660";"884"
"2023-08-10";"158";"9";"698";"865"
"2023-08-11";"136";"10";"715";"859"
"2023-08-12";"100";"11";"756";"865"
"2023-08-13";"105";"11";"775";"889"
"2023-08-14";"18";"11";"870";"896"
"2023-08-15";"-13";"8";"925";"918"
"2023-08-16";"-70";"8";"903";"846"
"2023-08-17";"6";"8";"932";"951"
"2023-08-18";"49";"6";"959";"1021"
"2023-08-19";"121";"5";"973";"1105"
"2023-08-20";"182";"6";"992";"1186"
"2023-08-21";"300";"5";"898";"1209"
"2023-08-22";"491";"5";"902";"1405"
"2023-08-23";"647";"6";"1004";"1658"
"2023-08-24";"682";"6";"1004";"1693"
"2023-08-25";"660";"8";"1128";"1796"
"2023-08-26";"688";"8";"1153";"1850"
"2023-08-27";"672";"9";"1202";"1883"
"2023-08-28";"637";"9";"1270";"1916"
"2023-08-29";"633";"9";"1409";"2052"
"2023-08-30";"669";"9";"1445";"2124"
"2023-08-31";"534";"10";"1709";"2254"
"2023-09-01";"645";"11";"1676";"2333"
"2023-09-02";"769";"12";"1664";"2446"
"2023-09-03";"800";"11";"1725";"2537"
"2023-09-04";"822";"12";"1750";"2585"
"2023-09-05";"1022";"12";"1807";"2842"
"2023-09-06";"1100";"13";"1931";"3045"
"2023-09-07";"1367";"14";"1824";"3206"
"2023-09-08";"1440";"13";"1925";"3379"
"2023-09-09";"1486";"13";"2034";"3533"
"2023-09-10";"1518";"13";"2137";"3668"
"2023-09-11";"1453";"13";"2250";"3717"
"2023-09-12";"1547";"14";"2579";"4140"
"2023-09-13";"1702";"14";"2681";"4397"
"2023-09-14";"1585";"13";"3027";"4625"
"2023-09-15";"1792";"15";"2984";"4791"
"2023-09-16";"1777";"16";"3168";"4961"
"2023-09-17";"1708";"15";"3318";"5044"
"2023-09-18";"1653";"16";"3402";"5074"
"2023-09-19";"1392";"17";"3690";"5102"
"2023-09-20";"1322";"17";"3816";"5157"
"2023-09-21";"1330";"19";"3877";"5229"
"2023-09-22";"1213";"19";"4073";"5308"
"2023-09-23";"1370";"19";"3972";"5364"
"2023-09-24";"1437";"19";"4026";"5482"
"2023-09-25";"1467";"18";"4014";"5499"
"2023-09-26";"847";"17";"4653";"5517"
"2023-09-27";"121";"18";"5400";"5539"
"2023-09-28";"-232";"16";"5837";"5622"
"2023-09-29";"-187";"17";"5929";"5759"
"2023-09-30";"-459";"19";"6127";"5686"
"2023-10-01";"-335";"19";"6120";"5803"
"2023-10-02";"-379";"21";"6176";"5817"
"2023-10-03";"495";"22";"5663";"6178"
"2023-10-04";"940";"20";"5347";"6306"
"2023-10-05";"1427";"21";"4903";"6350"
"2023-10-06";"1355";"21";"4972";"6347"
"2023-10-07";"1577";"22";"4922";"6520"
"2023-10-08";"1279";"21";"5031";"6332"
"2023-10-09";"1158";"21";"5128";"6307"
"2023-10-10";"781";"21";"5212";"6015"
"2023-10-11";"770";"23";"5152";"5947"
"2023-10-12";"653";"23";"5162";"5838"
"2023-10-13";"361";"24";"5248";"5634"
"2023-10-14";"-17";"23";"5446";"5454"
"2023-10-15";"26";"25";"5284";"5336"
"2023-10-16";"11";"26";"5375";"5412"
"2023-10-17";"-173";"28";"5307";"5163"
"2023-10-18";"-301";"28";"5107";"4835"
"2023-10-19";"-508";"31";"5037";"4560"
"2023-10-20";"-494";"30";"4867";"4403"
"2023-10-21";"-391";"31";"4637";"4276"
"2023-10-22";"-476";"30";"4648";"4203"
"2023-10-23";"-355";"30";"4388";"4063"
"2023-10-24";"-194";"27";"4158";"3991"
"2023-10-25";"-98";"28";"4059";"3989"
"2023-10-26";"-181";"26";"4167";"4012"
"2023-10-27";"-102";"26";"4108";"4031"
"2023-10-28";"-128";"24";"4167";"4063"
"2023-10-29";"-122";"23";"4163";"4064"
"2023-10-30";"-152";"22";"4198";"4067"
"2023-10-31";"-77";"23";"4031";"3978"
"2023-11-01";"-92";"21";"3981";"3910"
"2023-11-02";"-59";"23";"3506";"3460"
"2023-11-03";"-107";"23";"3725";"3632"
"2023-11-04";"-4";"24";"3591";"3602"
"2023-11-05";"90";"24";"3507";"3611"
"2023-11-06";"113";"22";"3484";"3609"
"2023-11-07";"330";"22";"3390";"3733"
"2023-11-08";"437";"23";"3376";"3827"
"2023-11-09";"675";"21";"3679";"4375"
"2023-11-10";"762";"22";"3437";"4220"
"2023-11-11";"775";"21";"3495";"4292"
"2023-11-12";"740";"23";"3583";"4347"
"2023-11-13";"806";"26";"3547";"4380"
"2023-11-14";"698";"28";"3888";"4614"
"2023-11-15";"908";"27";"3966";"4903"
"2023-11-16";"1154";"29";"3947";"5131"
"2023-11-17";"1325";"30";"4104";"5460"
"2023-11-18";"1503";"32";"4199";"5735"
"2023-11-19";"1574";"33";"4266";"5873"
"2023-11-20";"1550";"34";"4348";"5933"
"2023-11-21";"1630";"34";"4624";"6288"
"2023-11-22";"1494";"34";"4895";"6422"
"2023-11-23";"1558";"35";"5016";"6609"
"2023-11-24";"1383";"35";"5228";"6645"
"2023-11-25";"1563";"35";"5110";"6708"
"2023-11-26";"1505";"34";"5160";"6700"
"2023-11-27";"1416";"34";"5261";"6711"
"2023-11-28";"2043";"36";"5213";"7292"
"2023-11-29";"2001";"42";"5411";"7454"
"2023-11-30";"2062";"43";"5462";"7567"
"2023-12-01";"2223";"46";"5497";"7767"
"2023-12-02";"2319";"46";"5698";"8063"
"2023-12-03";"2391";"47";"5831";"8270"
"2023-12-04";"2401";"47";"5924";"8373"
"2023-12-05";"1778";"46";"6296";"8120"
"2023-12-06";"2294";"44";"6162";"8500"
"2023-12-07";"2038";"44";"6291";"8496"
"2023-12-08";"2009";"45";"6137";"8314"
"2023-12-09";"1404";"44";"5823";"7394"
"2023-12-10";"1488";"42";"5929";"7582"
"2023-12-11";"1529";"40";"5959";"7651"
"2023-12-12";"1643";"43";"6253";"8062"
"2023-12-13";"1712";"46";"6176";"8058"
"2023-12-14";"2223";"50";"6108";"8368"
"2023-12-15";"2583";"51";"6164";"8784"
"2023-12-16";"3015";"52";"6631";"9684"
"2023-12-17";"2831";"57";"6625";"9498"
"2023-12-18";"2702";"59";"6728";"9474"
"2023-12-19";"1858";"62";"7069";"8974"
"2023-12-20";"1355";"61";"7235";"8634"
"2023-12-21";"226";"59";"8012";"8295"
"2023-12-22";"-1005";"59";"8938";"7989"
"2023-12-23";"-1460";"61";"9406";"8005"
"2023-12-24";"-1251";"59";"9466";"8272"
"2023-12-25";"-1134";"57";"9466";"8387"
"2023-12-26";"-922";"46";"7626";"6748"
"2023-12-27";"-1258";"40";"7074";"5856"
"2023-12-28";"-1413";"46";"7483";"6116"
"2023-12-29";"-554";"43";"6528";"6017"
"2023-12-30";"-862";"46";"6492";"5676"
"2023-12-31";"-752";"43";"5972";"5263"
"2024-01-01";"-788";"44";"5751";"5006"
"2024-01-02";"-852";"45";"5773";"4966"
"2024-01-03";"-1000";"53";"6481";"5534"
"2024-01-04";"-627";"44";"5245";"4641"
"2024-01-05";"-1366";"31";"5566";"4211"
"2024-01-06";"-1314";"43";"5035";"3744"
"2024-01-07";"-1609";"45";"4828";"3244"
"2024-01-08";"-1636";"48";"4663";"3100"
"2024-01-09";"-1523";"53";"4971";"3526"
"2024-01-10";"-1691";"51";"4653";"2992"
"2024-01-11";"-1625";"51";"4253";"2679"
"2024-01-12";"-1590";"63";"3860";"2333"
"2024-01-13";"-1506";"43";"3554";"2090"
"2024-01-14";"-1593";"41";"3633";"2081"
"2024-01-15";"-1685";"40";"3676";"1987"
"2024-01-16";"-1774";"39";"3423";"1644"
"2024-01-17";"-1866";"37";"3211";"1382"
"2024-01-18";"-1910";"33";"3159";"1282"
"2024-01-19";"-1495";"31";"2645";"1181"
"2024-01-20";"-1462";"35";"2511";"1085"
"2024-01-21";"-1466";"34";"2472";"1041"
"2024-01-22";"-1367";"31";"2352";"1016"
"2024-01-23";"-1271";"28";"2143";"901"
"2024-01-24";"-955";"29";"1756";"830"
"2024-01-25";"-872";"28";"1586";"742"
"2024-01-26";"-1277";"27";"1952";"701"
"2024-01-27";"-1249";"23";"1891";"664"
"2024-01-28";"-1181";"23";"1796";"638"
"2024-01-29";"-1077";"23";"1679";"624"
"2024-01-30";"-1004";"21";"1562";"579"
"2024-01-31";"-850";"16";"1385";"551"
"2024-02-01";"-1145";"17";"1659";"532"
"2024-02-02";"-738";"16";"1231";"508"
"2024-02-03";"-685";"15";"1158";"488"
"2024-02-04";"-674";"15";"1136";"477"
"2024-02-05";"-618";"14";"1078";"474"
"2024-02-06";"-851";"13";"1282";"444"
"2024-02-07";"-814";"14";"1227";"427"
"2024-02-08";"-493";"12";"889";"408"
"2024-02-09";"-502";"12";"880";"389"
"2024-02-10";"-485";"14";"847";"375"
"2024-02-11";"-484";"13";"828";"357"
"2024-02-12";"-475";"13";"812";"350"
"2024-02-13";"-332";"14";"646";"328"
"2024-02-14";"-338";"13";"642";"318"
"2024-02-15";"-314";"12";"602";"301"
"2024-02-16";"-295";"12";"569";"287"
"2024-02-17";"-321";"9";"581";"270"
"2024-02-18";"-309";"9";"565";"266"
"2024-02-19";"-302";"9";"556";"263"
"2024-02-20";"-194";"7";"440";"253"
"2024-02-21";"-211";"7";"433";"230"
"2024-02-22";"-212";"7";"423";"219"
"2024-02-23";"-106";"6";"308";"209"
"2024-02-24";"-87";"6";"280";"200"
"2024-02-25";"-77";"6";"262";"191"
"2024-02-26";"-52";"6";"234";"189"
"2024-02-27";"-36";"6";"196";"167"
"2024-02-28";"-2";"6";"154";"158"
"2024-02-29";"-24";"5";"169";"150"
"2024-03-01";"-117";"6";"259";"149"
"2024-03-02";"-121";"5";"264";"149"
"2024-03-03";"-114";"5";"253";"144"
"2024-03-04";"-116";"5";"251";"140"
"2024-03-05";"-92";"4";"232";"144"
"2024-03-06";"-95";"4";"233";"143"
"2024-03-07";"-71";"4";"204";"137"
"2024-03-08";"-48";"4";"193";"134"
"2024-03-09";"-42";"5";"180";"126"
"2024-03-10";"-40";"4";"180";"128"
"2024-03-11";"-27";"4";"168";"129"
"2024-03-12";"-69";"6";"188";"108"
"2024-03-13";"-70";"6";"186";"105"
"2024-03-14";"-64";"6";"184";"110"
"2024-03-15";"-144";"6";"252";"112"
"2024-03-16";"-141";"5";"247";"112"
"2024-03-17";"-140";"5";"244";"110"
"2024-03-18";"-140";"5";"242";"108"
"2024-03-19";"-99";"4";"209";"114"
"2024-03-20";"-96";"4";"204";"112"
"2024-03-21";"-93";"4";"194";"106"
"2024-03-22";"-32";"4";"125";"96"
"2024-03-23";"-32";"3";"123";"94"
"2024-03-24";"-31";"4";"122";"95"
"2024-03-25";"-47";"4";"139";"95"
"2024-03-26";"-63";"3";"148";"88"
"2024-03-27";"-55";"3";"138";"86"
"2024-03-28";"-72";"3";"148";"80"
"2024-03-29";"-156";"3";"232";"80"
"2024-03-30";"-186";"3";"261";"79"
"2024-03-31";"-182";"3";"255";"76"
"2024-04-01";"-165";"3";"236";"74"
"2024-04-02";"-280";"3";"341";"64"
"2024-04-03";"-490";"3";"559";"72"
"2024-04-04";"-521";"2";"600";"80"
"2024-04-05";"-438";"2";"515";"79"
"2024-04-06";"-402";"2";"482";"82"
"2024-04-07";"-404";"2";"483";"81"
"2024-04-08";"-404";"2";"485";"82"
"2024-04-09";"-263";"2";"359";"99"
"2024-04-10";"-1117";"2";"1207";"92"
"2024-04-11";"-1075";"2";"1161";"87"
"2024-04-12";"-1104";"2";"1191";"88"
"2024-04-13";"-1165";"2";"1244";"81"
"2024-04-14";"-1165";"2";"1246";"82"
"2024-04-15";"-1200";"2";"1280";"82"
"2024-04-16";"-1326";"1";"1404";"79"
"2024-04-17";"-303";"1";"379";"77"
"2024-04-18";"-369";"2";"443";"76"
"2024-04-19";"-353";"2";"426";"75"
"2024-04-20";"-295";"2";"374";"81"
"2024-04-21";"-292";"2";"373";"82"
"2024-04-22";"-254";"1";"336";"83"
"2024-04-23";"-134";"1";"207";"74"
"2024-04-24";"-87";"1";"161";"75"
"2024-04-25";"-20";"1";"91";"73"
"2024-04-26";"-1";"1";"68";"68"
"2024-04-27";"4";"1";"65";"70"
"2024-04-28";"1";"1";"69";"71"
"2024-04-29";0;"1";"72";"73"
"2024-04-30";"12";"1";"71";"84"
"2024-05-01";"14";"1";"73";"88"
"2024-05-02";"21";"1";"65";"87"
"2024-05-03";"16";"1";"80";"97"
"2024-05-04";"8";"1";"84";"93"
"2024-05-05";"15";"1";"77";"93"
"2024-05-06";"15";"1";"76";"92"
"2024-05-07";"1";"1";"86";"88"
"2024-05-08";"1";"1";"87";"90"
"2024-05-09";"6";"2";"93";"101"
"2024-05-10";"13";"2";"86";"100"
"2024-05-11";"20";"2";"80";"102"
"2024-05-12";"19";"2";"83";"104"
"2024-05-13";"20";"2";"84";"106"
"2024-05-14";"40";"3";"87";"129"
"2024-05-15";"42";"2";"87";"132"
"2024-05-16";"42";"2";"90";"133"
"2024-05-17";"43";"2";"89";"134"
"2024-05-18";"39";"2";"95";"136"
"2024-05-19";"38";"2";"96";"137"
"2024-05-20";"38";"2";"97";"138"
"2024-05-21";"29";"1";"90";"121"
"2024-05-22";"30";"1";"91";"123"
"2024-05-23";"29";"1";"94";"124"
"2024-05-24";"29";"1";"96";"126"
"2024-05-25";"29";"1";"101";"132"
"2024-05-26";"30";"2";"102";"133"
"2024-05-27";"35";"2";"100";"137"
"2024-05-28";"45";"1";"99";"145"
"2024-05-29";"48";"1";"100";"149"
"2024-05-30";"48";"2";"106";"156"
"2024-05-31";"51";"2";"113";"166"
"2024-06-01";"67";"1";"101";"170"
"2024-06-02";"75";"1";"99";"176"
"2024-06-03";"70";"1";"103";"174"
"2024-06-04";"67";"1";"113";"182"
"2024-06-05";"74";"1";"114";"190"